{
  "name": "TraceSDK",
  "summary": "Trace SDK",
  "homepage": "https://bitrise.io",
  "version": "1.4.8",
  "swift_version": "5.2.4",
  "authors": {
    "Shams Ahmed": "shams.ahmed@bitrise.io",
    "Colin Hemmings": "colin.hemmings@bitrise.io"
  },
  "license": {
    "type": "Custom"
  },
  "platforms": {
    "ios": "10.0"
  },
  "frameworks": [
    "SystemConfiguration"
  ],
  "libraries": [
    "c++",
    "z"
  ],
  "preserve_paths": "libTrace.a",
  "source": {
    "http": "https://monitoring-sdk.firebaseapp.com/1.4.8/libTrace.a.zip"
  },
  "user_target_xcconfig": {
    "OTHER_LDFLAGS": "-force_load $(PODS_ROOT)/TraceSDK/libTrace.a"
  }
}
